Span,NotPresent,Present
1,656.5777778,580.2444444
2,647.2044444,623.0777778
3,688.6781481,676.6625926
4,730.5442761,711.2446296
5,728.2845421,749.9857914
6,774.0007004,751.0148626